{
  "$schema": "../icon.schema.json",
  "contributors": [
    "danielbayley"
  ],
  "tags": [
    "insert",
    "add",
    "left",
    "slot",
    "squeeze",
    "space",
    "vertical",
    "grid",
    "table",
    "rows",
    "cells",
    "excel",
    "spreadsheet",
    "accountancy",
    "data",
    "enter",
    "entry",
    "entries",
    "blocks",
    "rectangles",
    "chevron"
  ],
  "categories": [
    "layout",
    "design",
    "tools",
    "account"
  ],
  "aliases": [
    "between-horizonal-end"
  ]
}
